id,title,description,link,image_link,price,availability,condition,brand,google_product_category,custom_label_0
parfum-damen-1,Yves Saint Laurent Black Opium,Yves Saint Laurent Black Opium - Wohn-Fieber Amazon Affiliate,https://amzn.to/4ygtI7l?tag=balu17051-21,"https://m.media-amazon.com/images/I/51yOl5EAgXL._AC_SR160,134_.jpg",,in stock,new,Wohn-Fieber,Home & Garden,parfum-damen
parfum-damen-2,Chanel Coco Mademoiselle,Chanel Coco Mademoiselle - Wohn-Fieber Amazon Affiliate,https://amzn.to/4docs8b?tag=balu17051-21,"https://m.media-amazon.com/images/I/51Bnl3yVw2L._AC_SR160,134_.jpg",,in stock,new,Wohn-Fieber,Home & Garden,parfum-damen
parfum-damen-3,Dior J'adore,Dior J'adore - Wohn-Fieber Amazon Affiliate,https://amzn.to/4gDKIPc?tag=balu17051-21,"https://m.media-amazon.com/images/I/61yjcI1tmAL._AC_SR160,134_.jpg",,in stock,new,Wohn-Fieber,Home & Garden,parfum-damen
parfum-damen-4,Lancôme La Vie Est Belle,Lancôme La Vie Est Belle - Wohn-Fieber Amazon Affiliate,https://amzn.to/4iM1ahw?tag=balu17051-21,"https://m.media-amazon.com/images/I/51RTBoHWdnL._AC_SR160,134_.jpg",,in stock,new,Wohn-Fieber,Home & Garden,parfum-damen
parfum-damen-5,Guerlain Mon Guerlain,Guerlain Mon Guerlain - Wohn-Fieber Amazon Affiliate,https://amzn.to/4qXNO42?tag=balu17051-21,"https://m.media-amazon.com/images/I/51P+WvfPtmL._AC_SR160,134_.jpg",,in stock,new,Wohn-Fieber,Home & Garden,parfum-damen
parfum-damen-6,Versace Eros,Versace Eros - Wohn-Fieber Amazon Affiliate,https://amzn.to/4hbYY1G?tag=balu17051-21,"https://m.media-amazon.com/images/I/61is1JDeAjL._AC_SR160,134_.jpg",,in stock,new,Wohn-Fieber,Home & Garden,parfum-damen
parfum-damen-7,Marc Jacobs Decadence,Marc Jacobs Decadence - Wohn-Fieber Amazon Affiliate,https://amzn.to/4dnddhM?tag=balu17051-21,"https://m.media-amazon.com/images/I/71WtvAnzAvL._AC_SR160,134_.jpg",,in stock,new,Wohn-Fieber,Home & Garden,parfum-damen
parfum-damen-8,Givenchy L'Interdit,Givenchy L'Interdit - Wohn-Fieber Amazon Affiliate,https://amzn.to/4qTefaO?tag=balu17051-21,"https://m.media-amazon.com/images/I/510k7-W2cxL._AC_SR160,134_.jpg",,in stock,new,Wohn-Fieber,Home & Garden,parfum-damen
parfum-damen-9,Armani Code,Armani Code - Wohn-Fieber Amazon Affiliate,https://amzn.to/464fkmT?tag=balu17051-21,"https://m.media-amazon.com/images/I/715QVt+3nZL._AC_SR160,134_.jpg",,in stock,new,Wohn-Fieber,Home & Garden,parfum-damen
parfum-herren-10,Dior Sauvage Elixir,Dior Sauvage Elixir - Wohn-Fieber Amazon Affiliate,https://www.amazon.de/dp/B07PHSB4L9?tag=balu17051-21,"https://m.media-amazon.com/images/I/31cwvOCHuXL._AC_SR160,134_.jpg",,in stock,new,Wohn-Fieber,Home & Garden,parfum-herren
parfum-herren-11,Le Male Le Parfum,Le Male Le Parfum - Wohn-Fieber Amazon Affiliate,https://www.amazon.de/dp/B08FBQHY35?tag=balu17051-21,"https://m.media-amazon.com/images/I/41k-OVgZUXL._AC_SR160,134_.jpg",,in stock,new,Wohn-Fieber,Home & Garden,parfum-herren
parfum-herren-12,Stronger With You Intensely,Stronger With You Intensely - Wohn-Fieber Amazon Affiliate,https://www.amazon.de/dp/B0DBRGYTDB?tag=balu17051-21,"https://m.media-amazon.com/images/I/31DeydVIGEL._AC_SR160,134_.jpg",,in stock,new,Wohn-Fieber,Home & Garden,parfum-herren
parfum-herren-13,Bleu de Chanel EDP,Bleu de Chanel EDP - Wohn-Fieber Amazon Affiliate,https://www.amazon.de/dp/B005712SJ8?tag=balu17051-21,"https://m.media-amazon.com/images/I/31MHesgIt3L._AC_SR160,134_.jpg",,in stock,new,Wohn-Fieber,Home & Garden,parfum-herren
parfum-herren-14,Azzaro The Most Wanted,Azzaro The Most Wanted - Wohn-Fieber Amazon Affiliate,https://www.amazon.de/dp/B09VN62HF3?tag=balu17051-21,"https://m.media-amazon.com/images/I/315H8cnIcpL._AC_SR160,134_.jpg",,in stock,new,Wohn-Fieber,Home & Garden,parfum-herren
parfum-herren-15,MYSLF YSL,MYSLF YSL - Wohn-Fieber Amazon Affiliate,https://www.amazon.de/dp/B0CFWQF39W?tag=balu17051-21,"https://m.media-amazon.com/images/I/31qqUFS2qZL._AC_SR160,134_.jpg",,in stock,new,Wohn-Fieber,Home & Garden,parfum-herren
parfum-herren-16,Acqua di Giò EDP,Acqua di Giò EDP - Wohn-Fieber Amazon Affiliate,https://www.amazon.de/dp/B0DBRNZQ3K?tag=balu17051-21,"https://m.media-amazon.com/images/I/41n1QOCa5gL._AC_SR160,134_.jpg",,in stock,new,Wohn-Fieber,Home & Garden,parfum-herren
parfum-herren-17,Versace Eros EDP,Versace Eros EDP - Wohn-Fieber Amazon Affiliate,https://www.amazon.de/dp/B08F5DBKVV?tag=balu17051-21,"https://m.media-amazon.com/images/I/31ieBD--OuL._AC_SR160,134_.jpg",,in stock,new,Wohn-Fieber,Home & Garden,parfum-herren
parfum-herren-18,Creed Aventus,Creed Aventus - Wohn-Fieber Amazon Affiliate,https://www.amazon.de/dp/B06ZZGNMYD?tag=balu17051-21,"https://m.media-amazon.com/images/I/21psm456SiL._AC_SR160,134_.jpg",,in stock,new,Wohn-Fieber,Home & Garden,parfum-herren
haushaltshelfer-19,Saug- & Wischroboter,Saug- & Wischroboter - Wohn-Fieber Amazon Affiliate,https://www.amazon.de/s?k=Saugroboter&tag=balu17051-21,https://m.media-amazon.com/images/I/81dHxADHQ5L._AC_SL1500_.jpg,,in stock,new,Wohn-Fieber,Home & Garden,haushaltshelfer
haushaltshelfer-20,Heißluftfritteuse,Heißluftfritteuse - Wohn-Fieber Amazon Affiliate,https://www.amazon.de/s?k=Hei%C3%9Fluftfritteuse&tag=balu17051-21,https://m.media-amazon.com/images/I/81uOlPYW6VL._AC_SY300_SX300_QL70_ML2_.jpg,,in stock,new,Wohn-Fieber,Home & Garden,haushaltshelfer
haushaltshelfer-21,Multifunktions-Gemüseschneider,Multifunktions-Gemüseschneider - Wohn-Fieber Amazon Affiliate,https://www.amazon.de/s?k=Gem%C3%BCseschneider&tag=balu17051-21,https://m.media-amazon.com/images/I/71g2SjdtziL._AC_SX679_.jpg,,in stock,new,Wohn-Fieber,Home & Garden,haushaltshelfer
haushaltshelfer-22,Sprüh-Wischmopp,Sprüh-Wischmopp - Wohn-Fieber Amazon Affiliate,https://www.amazon.de/s?k=Spr%C3%BCh+Wischmop&tag=balu17051-21,https://m.media-amazon.com/images/I/61ir6L78GlL._AC_SX466_.jpg,,in stock,new,Wohn-Fieber,Home & Garden,haushaltshelfer
haushaltshelfer-23,Elektrischer Fenstersauger,Elektrischer Fenstersauger - Wohn-Fieber Amazon Affiliate,https://www.amazon.de/s?k=Fenstersauger&tag=balu17051-21,https://m.media-amazon.com/images/I/71vFo3KrkoL._AC_SY355_.jpg,,in stock,new,Wohn-Fieber,Home & Garden,haushaltshelfer
haushaltshelfer-24,Schmutzradierer / Zauberschwämme,Schmutzradierer / Zauberschwämme - Wohn-Fieber Amazon Affiliate,https://www.amazon.de/s?k=Schmutzradierer&tag=balu17051-21,https://m.media-amazon.com/images/I/8142wBkNwWL._AC_SX522_.jpg,,in stock,new,Wohn-Fieber,Home & Garden,haushaltshelfer
haushaltshelfer-25,Vakuumiergerät,Vakuumiergerät - Wohn-Fieber Amazon Affiliate,https://www.amazon.de/s?k=Vakuumierger%C3%A4t&tag=balu17051-21,https://m.media-amazon.com/images/I/718G1mHsA2L._AC_SX425_.jpg,,in stock,new,Wohn-Fieber,Home & Garden,haushaltshelfer
haushaltshelfer-26,Verstellbare Schubladen-Organizer,Verstellbare Schubladen-Organizer - Wohn-Fieber Amazon Affiliate,https://www.amazon.de/s?k=Schubladen+Organizer&tag=balu17051-21,https://m.media-amazon.com/images/I/81fmCBxgGdL._AC_SY450_.jpg,,in stock,new,Wohn-Fieber,Home & Garden,haushaltshelfer
haushaltshelfer-27,Mikrofaser-Reinigungstücher,Mikrofaser-Reinigungstücher - Wohn-Fieber Amazon Affiliate,https://www.amazon.de/s?k=Mikrofasert%C3%BCcher&tag=balu17051-21,https://m.media-amazon.com/images/I/71PSfoJi1zL._AC_SX569_.jpg,,in stock,new,Wohn-Fieber,Home & Garden,haushaltshelfer
